klambda,CT,CTT,CGHH,CGGHH
1.8244855197016132,3.617048065630294,0.5966703706856362,-0.692939521,-2.819527037
0.3057626209930331,2.157824708638037,-1.531477693,0.4938412330802983,-1.881898884
1.4939467592244642,-0.761027919,3.452457380317535,-4.359866468,-0.808658432
0.18685181534507778,5.340555725881945,1.049609784615069,-0.504610581,-0.020434797
1.1093403361689713,1.3774936614872537,1.6157461653974914,-0.346222203,0.14152269724138888
2.8238020127311296,0.38750261509818584,-1.525026846,1.4653616694482587,-2.659954082
-2.670919199,0.2776227761084602,-0.067260518,-0.736020056,-1.025341214
3.350557505843972,-1.662876925,1.7007844002871861,-4.534128148,-0.210313322
5.325876052270002,3.3915395914026174,-0.856438699,-0.396023693,-1.416071009
2.9979235135129487,1.2090608660924458,-0.71976584,1.1054056807873316,-0.563086963
-1.958809619,-0.877900111,5.285834102199649,1.706574049252163,0.2625392956918221
2.310560974356509,-0.639532415,-0.042616888,2.3233383819497684,-0.43358954
-0.81589555,0.3251113397203462,-2.45312147,-3.434277628,-0.569370594
0.7372682490956912,-0.880260115,-2.403995219,-2.517534127,1.296108622767765
3.348468261557588,1.1598013974355812,-0.679496895,3.597018135805882,-2.267829552
-0.209738172,2.0041012711346484,-0.47814574,-3.047486608,-2.663903963
-0.424056733,0.9921535913539299,1.0903190120863082,-0.059528343,-0.269561199
0.049328212850694886,-0.634275837,-0.986552807,0.19645373263262625,-3.099300633
2.804335953513397,-0.220473961,-0.061718484,0.13608750167562247,-2.831686915
-0.748997708,2.0558555171339297,-3.051581259,-2.161816479,-1.814804839
-3.036595274,1.7574597419032894,-0.848834769,0.5221656355924531,1.0574294211463833
-0.839689782,4.8936668326429675,3.3111487773068045,0.6865201257037383,-0.377924447
3.9647782941676395,2.0510627322528276,0.8001326660372212,2.6574750135678133,0.021903729
-0.279675809,-0.121604739,0.4993018316888127,1.9980050884961915,-0.431880803
-2.003173086,2.241362278924692,0.23985796093563888,1.749545809023095,-0.651345573
1.9401663205800772,1.6291291328287867,2.1993650959648603,-1.410963248,2.311146767818934
3.3206271954299695,-2.194647448,4.2185888589783795,0.9509597733025389,-2.20303862
1.1325976707594794,2.4459646349531785,0.013748873676417413,-0.84064461,2.7089474294215043
0.2741723841241517,4.415903950762779,0.7445085384725012,-2.988794499,0.3550289304151643
-1.143591557,1.1368871754456022,2.8627895832668333,-3.102730886,2.7861652369143806
2.4531644347390227,3.988452232184511,-1.4638891,-1.054417682,1.5263540925766987
-1.586956465,1.1211223960375072,0.6953041649989985,0.5681934658291568,0.599069035
0.45622993565304204,1.3917257145748678,-1.593497653,3.0557969798921696,-0.673002204
-1.051681703,0.8114022361854174,-1.006654078,-0.351663679,1.4488889635933004
-2.080585791,-0.141649813,4.7847532339582015,2.028413549909578,-2.312250362
-0.799699622,-2.216333092,-2.848324554,-0.221963462,0.12915987074655688
1.1541461886402165,1.9938530317231857,0.29515786575990227,1.6476428567831767,-3.146642724
0.7694087816506029,3.621875636,0.6051296383257644,4.344898488716001,-0.727618794
5.278801054023448,2.416578465215763,0.28542513585173124,1.6751496603330367,2.054664091413002
0.6424110816822641,-2.099283887,-1.333242784,-0.264009294,3.202058237955123
1.7622293851026307,1.803287940923354,-3.373591923,0.25990391803779506,-0.180484139
2.0421837576538158,1.2751474000592564,-0.082510703,6.048368143209522,0.3998596082239006
-0.806268302,0.8745396504410629,1.204443906581148,0.47731671587148233,1.3873707556240895
0.8331506057980165,2.4281233051970643,1.5894626896230102,-3.566651977,-3.910052342
1.146898109869188,-0.462756746,1.7338811939164207,-0.771329125,2.7824426056698663
1.4376368605543262,0.619119771,2.644245969174279,0.6464057002741828,0.28409886603680584
0.6591731860785661,2.6171208424456607,0.31575390209446447,0.6923629831359116,4.538815326416436
1.280074383691814,1.5466458039408155,-1.146158798,-0.257914733,0.5147774379639175
3.962931171082747,0.042073066,3.4653264107015693,-1.961275824,-0.648956351
2.066092663762558,1.6339729328374442,2.0076395239805955,2.217576375302812,2.441466691891362
3.1177996052343167,0.6686615548904861,1.6877557824265805,1.6881910599821595,-0.957023937
4.812557365541865,2.483110070462316,1.2782328709248456,2.1059247924737474,-2.447148243
-0.748541806,2.205073481269953,-3.853556293,-1.34843441,-0.926677542
-0.454522222,-0.39064557,-0.050226888,1.5893242469117963,-0.927665985
1.0110202806796855,3.5074498830016427,-0.34222608,1.199858364198595,3.947638983
-1.429591085,-2.132207292,1.50668937,-3.814311956,1.0750773542818903
-2.793251666,0.7824908814366502,-4.777902293,3.238698184419872,2.364163066178506
-0.727589061,1.3273981828673824,-0.310383403,-1.46472537,3.4174337934248418
2.0186509355308058,1.3672625278184423,0.9489392843891713,2.4328564018419687,1.1953796356941582
0.793134357,-1.963554589,2.3963135033316054,-0.560671825,1.4239112288353313
3.7538332280357487,-0.205175823,0.17676392398150717,0.1609999081292716,0.9507977217155492
0.43742974556391845,0.0294041,-0.887577311,-1.788640942,4.178898762309633
2.231103915723482,4.000237310939765,2.4184689808118116,-1.269042295,2.793930688642296
0.621999302,1.1691572459573474,0.6855464463868232,0.5279597729047129,-1.581346251
-1.402661064,2.334080950589126,-0.078320904,-2.793577204,-1.894462537
1.6938634510808765,-2.742868451,0.5326094129801995,0.9925632185407933,3.190469680186183
2.954461084588295,-2.962872806,0.5497980591949999,-2.244548032,-0.943924963
1.3061110905115083,-0.564267369,-1.923004945,-1.841178146,-1.377483605
0.9345696517587488,-1.292927443,-4.198323353,-3.410038886,-0.657646317
4.1643108681229215,0.061180435443323744,1.6807491534588854,0.27796315688099377,-0.336642156
1.8254294387984369,-0.029846426,-1.93649025,-2.564718986,0.5075568979016534
0.9715482552969859,-0.406310794,-3.801631696,-2.249405752,-2.884234404
-1.911564694,-0.536331246,1.144964836823551,4.736674544633591,2.9493183143479893
2.0721424254583036,5.423134687729577,4.290459940721598,0.527100456,-2.72402052
0.9782519521756388,-0.145556546,-1.420480866,-1.368576268,-2.370655285
-2.025771536,-1.383731953,-0.904382199,-2.69264914,0.5112196297309278
0.15298075616221907,3.135330458649265,1.423227590710379,0.11820002347143307,1.8290391437535563
-2.717139478,-0.226227601,1.2713310609870752,1.1460074574606547,-1.699055787
3.9346828441895227,-2.018758643,-3.760049458,-0.166699635,0.3910859282157979
2.1321186143027395,-1.957715393,-4.31091497,1.673254704490174,1.9277971419023707
6.556527668092776,-2.470763505,3.044769145095295,-1.21509807,-1.669183114
1.6005733257883645,-2.423921155,1.2974928064406426,-1.869727023,0.31597669199000045
3.518216412,-0.082577121,-1.877068458,-1.535124132,1.5348101058687043
3.499422930896672,0.9280470846690786,-0.493255635,0.7061210028863141,-1.602672274
0.14487038657679385,1.2501702677174134,-0.484173905,0.5969993807448597,-1.121473316
-0.138423535,1.064400764595316,1.5339985122855273,-2.356587887,-4.14486227
3.6735014356323923,2.5659205094269835,0.6340455436905207,-2.72613499,1.7327265026407683
0.7166231546056824,1.4399116388516573,-1.361699935,0.7370128481785474,-2.120664122
3.1769110683232893,2.3385422759532384,2.313974807274058,0.25887907442351693,-0.863968259
-1.943743563,-2.066231425,-4.401493336,4.509999986657338,-0.278474372
2.2916305437293296,1.6711018635070667,0.8425199991838864,0.058503625,-2.364898209
0.3933213438007066,-1.644772428,1.9885052495636855,0.3726268507188202,0.898940336
0.14263896210064908,4.573561094404366,-1.653066429,1.6046722078897835,-0.553468159
0.5539112269287858,0.25388980815860396,-3.219048289,-1.081803502,-1.362528992
1.995061223717348,2.2426736690552156,2.199107983182836,-0.972511874,-0.370579261
2.8917844453396437,-0.238446809,2.635728331,0.5805709164839982,-1.786759133
-1.273528902,3.081876064738001,-0.495146035,-1.962489752,0.2631125389871772
-3.297168301,2.676698265,2.3187215648012818,3.540579696,-5.245974581
3.334400871593146,1.0022477264411822,-0.38351926,-0.038635737,-1.290930985
2.230176160044223,2.236102860523616,1.578732771214669,-1.081576461,2.496476283269651
0.6368866433546044,2.0431706991564527,1.7489625123541048,-1.714606137,-1.85176826
1.571324612127802,-0.443618691,-0.481105671,-2.535054258,2.0963337295834763
0.13768750731623636,-2.934514056,-0.880592857,-2.984513955,-0.159969086
4.464276184760754,3.6421432487336656,0.12278764133920751,-3.893697911,-3.767835518
-1.018850978,0.41298288351174295,2.2995456252814996,0.6227417293617467,0.41073676654595914
0.5217518146035797,-0.214218944,-0.544682668,2.3075664006665777,-0.918437267
2.557750708667311,-4.307730415,-4.647283464,-3.869749547,-5.326723034
-1.265674806,-0.517653564,1.792259053121148,2.235696627095851,1.593472902240917
0.10655797914171816,-1.287988198,0.18677173081154289,0.6541051495760569,1.360850791873146
-0.971704234,3.9248873831527704,1.1727112069772867,-0.804991959,5.058426553003698
-0.777690616,3.6406764426431093,-3.038259134,0.6034138494188077,2.0257642384845043
3.858370111207453,2.492277665788102,-1.756429105,3.1674421132124237,-1.82911442
3.9538231389599625,-0.540656894,0.17776912854174318,0.8553539110563619,1.5308589343962808
-0.976879214,0.5953455953433135,-1.011044945,3.5659441716439954e-05,0.14105069213900562
-0.834564619,1.604053117462058,1.1517174742212624,0.023290535,-0.689804536
0.3666854913688574,1.273112445510424,-1.068343995,0.015610800664363225,-4.646886759
-1.020112179,-0.512890252,-0.099556396,-0.754643037,-0.109395708
-1.841051656,-2.820286768,2.2956435095791625,1.2849887332270076,4.804404011222647
1.2171696596933455,-1.806010079,-0.703891113,2.598408289828735,0.31796949339336933
-1.239781213,-0.765618285,-1.31219903,2.7532828199294928,-1.075609497
-2.401613603,1.1564486265698595,-0.205504381,-1.921704306,2.975527685614262
3.0120765814848425,3.997931443574612,0.6252287218526349,1.1416646234992527,-3.21745708
-1.909548945,1.800157481445977,-0.779028269,2.345002041874028,4.186077357882374
-3.541763494,2.2387778124477737,1.6587671073381858,-2.63184458,1.0268609630558825
-2.512708021,2.440903849339583,-4.328601656,0.065866269,-0.320337494
2.087894611278499,3.186896030013467,2.783700714606813,-0.952440968,-0.648665544
0.1785705085871978,6.0785672582661645,0.04980142,-2.352833024,-0.377324462
-2.979386936,3.5729207052573555,1.6535628909746833,0.4910159745581903,-1.052669949
-0.291152393,-3.522103591,3.367498233,-2.718432791,-7.048594769
-1.54766353,3.766363071129427,0.5908583865674273,-0.378652557,1.8648211556620207
-1.984542486,-0.255362509,-1.466217626,2.2079033407804447,0.8439756560151096
2.300037302596613,-3.202230944,-2.706622056,0.8890490453514103,-1.483159886
0.5507886071627022,3.3754949474285563,-1.794581299,-1.470381018,-2.14203826
0.47674380293800644,2.8665510045466394,-1.022708895,0.37155136153088864,1.2445740715055629
3.524102796848779,2.712635948297529,1.0134251458967989,1.1939525769359263,0.7042376217300501
-3.131336467,1.022785305116093,1.3902314444280093,-2.503520229,3.8079871340526332
2.7117055694320014,1.9341611840499664,0.5171423963272009,0.5875698575832653,-2.075588027
0.1635375193451104,0.5897112384989701,0.2799260455442716,1.9253481957705694,2.535328141214199
1.014555784976419,0.6483717463940385,3.5470831702191123,-0.639615248,-1.649026771
-0.515666406,4.2627103974278615,0.6319194304352078,2.742890424943499,0.25514822309115365
1.370517555026413,-0.9463355,-1.635032688,0.4715228381741069,2.265672638266751
1.3524140252750079,-0.012894743,0.15834378075231428,1.2719404703602077,-2.678342498
1.6241425470463442,2.8258519492026526,-1.560579468,2.2987680355027607,1.0593154410931658
-0.04193849,4.022436372897014,0.40915035278049533,-1.366147395,0.3879076862842743
-1.541520025,1.0791785823934352,-0.471351755,-0.428716059,0.10309975055860293
0.098807465,5.541819712552226,3.7841931376504716,-1.375856835,-0.217516949
-1.494555017,4.444717391192226,1.6478541179304367,-1.486335741,-1.228660633
0.18969598530941367,-1.048925051,-2.814375138,3.7223026748274237,-0.036629992
-4.07507137,0.24431548232749445,3.028388522844004,0.9049827239767606,-0.587730157
0.334197364,0.23918477106905311,-3.457256184,-6.057809896,1.4541249460815922
-1.127130985,3.197569205633543,-0.84070529,-0.324379406,2.2439080238483577
-0.889462178,-1.029508756,-1.092425734,0.6652908563650622,1.9585802826802186
-0.12664901,-0.749104649,-2.904325263,1.4600016057306442,2.7668936351438314
2.4096717716298293,1.6138392620200885,4.531716321264652,1.4797530012870042,1.5552957097039855
-4.194471673,-2.013235615,-1.585989184,0.898464637,-1.449458608
0.138460605,2.5255279784025824,0.8133427613470776,-3.491876278,-2.182626111
2.189534477238975,6.128728366182193,1.327103329,-1.750927752,-1.561069355
-1.310481145,-0.389963283,1.1845359109527671,-0.609503102,-0.472207183
1.0851609417818582,0.6550063070972414,0.6824568572696932,0.24255581758442032,-2.99112517
2.5862525916202497,-0.336707391,-2.027491256,2.1855267354481076,1.4955871804907808
-0.116342977,0.5966626779968869,-0.141211083,0.7579389985510767,-0.258962046
3.6711382426701604,-3.050993702,0.061734717659060474,-1.219256886,1.8175118175143952
-1.727033462,1.2041133961191677,1.7299676756104698,1.8365491991586458,2.176118924771055
1.5094327312057272,-1.608569405,-1.145721076,1.6396375247033168,-1.056030401
1.3344817400814297,1.8712229307338202,-2.561383963,2.5523815746967413,2.8916356939597168
2.0606860794310213,-1.013513096,-0.488434361,-2.216306412,-3.5047893
0.057860683,5.658733991347624,0.3840455384836311,1.125865419606946,-2.116205067
0.4280843270837309,2.1249101621104316,0.052433164112617114,6.0949024087064245,1.8778082704217842
2.755650194508079,1.4449783514614742,0.28981311223770817,0.6130886201018914,-1.31234363
0.34218102164296305,2.1195577823597755,-2.022274199,0.5119727978470435,1.8406746637074294
-0.38734285,3.7949526942434906,-1.68111399,1.0825530308787994,0.6538049813592351
-3.023208762,3.2951633327968244,-2.47522901,0.9733951257844797,-5.512893874
4.309349509323447,1.2589005527484174,0.6251006426741582,0.1982404001764007,-0.5992577
3.5703983652961293,1.3340402686374904,-2.523028275,2.8374529942902393,3.2032209202829605
1.670483351332561,-1.237772094,0.5643741017312542,-0.671800004,0.27793652220158016
-0.074353378,0.44437015361620313,0.49071040659954573,0.6458180192018749,0.8400497215767134
0.7885585153763034,-2.086571132,1.0326033341889327,-6.065444237,0.6035214026170306
-1.354053606,-0.91115788,-2.447236783,0.6047332220967357,1.722988873912655
1.037745494705412,3.1169979329185145,2.2510178730160377,1.2466483086366837,-1.481265435
-1.376724141,1.260509378,0.6341097400084635,1.6203946577096842,4.015212585989642
2.821081751190893,-0.334984785,2.7022466377268586,1.6474880578443398,-3.322086546
3.3929353318266045,0.9094803083711054,-0.228400194,0.3567101727631028,-1.030861799
1.2420231657781262,2.3557724037720074,2.7438195070997007,-0.536603381,0.6673168934348417
4.0438467398645965,-1.485837075,-0.775570638,-0.61615037,-2.071597284
2.631366772498086,4.565770108500579,-0.679916302,0.44301195811425187,0.3522413978936127
2.5305792260184954,2.0802148082406795,-1.538698189,-1.379392559,-2.243493148
0.43068737688071856,1.9188730348316692,2.2050533608446563,0.34780087133191656,-2.196832811
5.536033121306408,3.2864056166787132,-0.421610661,1.422358297408431,0.14069373823458386
1.0865296005700316,-1.122932622,1.0771856323875375,1.6422232611890253,2.2366023143723135
2.3324733671844955,5.3159244463568065,-0.078716239,0.2657528638249727,-1.014160199
1.778264604373845,2.7708675091471426,1.5691091860909536,-1.298932596,2.274155214349313
-0.631147817,3.7560353218579885,-2.142681563,1.8604279992934771,3.560671693335711
0.805408651,0.050854647582827206,0.9948431473249257,0.2527735606352847,-0.950035211
-0.773162289,2.479925923119305,-1.934037499,1.3527995421092538,-1.67414449
3.1221715400183565,3.265972779717561,3.8440071810956753,1.257762339646951,-0.888115365
1.071452254265937,-2.636030643,-0.890944355,0.6116303262483019,-2.149462309
2.364824697287962,1.4263702204532411,4.864364316,2.0822621566461232,4.618714035555904
-0.012074294,-2.492671705,0.8467104182988466,1.8850539186846718,-3.21968998
4.586971736253474,1.0367266777376403,-1.457512761,0.8451697844151224,1.5289639954527805
-0.40178466,1.3198071415294088,-2.137143095,-0.387118486,-0.098666564
-0.882809806,1.328236674202754,2.936007384765246,0.17165898380086542,-0.30032749
5.566517769038433,-1.913805066,3.1739822232443067,3.445397872509824,-0.676323944
0.008648442,-1.589416164,-1.946513253,1.6168507832555021,1.2373644806683037
1.640697664185922,0.8909804568539833,1.990356423448487,-0.070232022,-0.365977393
3.950430944243538,-2.885093607,-2.37364508,-0.796833046,2.0804662388465722
-1.727388028,-1.456641655,-0.590094239,-4.276896916,0.43748449276288237
-1.449729624,1.633039287672732,0.7634246520261737,1.2599390167896136,0.3473309948571731
1.8769337140916487,2.278382577971484,-3.309001652,-2.522982956,1.2076886443432193
-0.476832041,2.4234004761575467,-0.836287472,0.093251738,0.5142035253917754
2.282257612607583,2.347454511998338,-0.719806951,-4.255013336,-0.483662282
-2.645197264,2.2256733544751066,-2.762879782,0.34021995530017857,0.30731398224641965
-1.537561513,-1.463237625,1.7209605819719003,0.9744796864848849,-1.643426257
3.202199203570849,-0.350434627,1.263934562727638,4.812907051341271,2.1338741139664568
1.9401778404893224,0.34621158801550667,2.455295399180171,0.23269602434581954,1.1997663610115543
2.5373245094048684,3.909687623101633,-0.79331999,-2.212694187,-1.240600242
-1.243187277,3.2555529883452397,3.695399716224865,5.386553069715779,0.30725359574382743
1.759106313107852,2.4834456637429456,-2.980565034,-2.347830381,-1.855291988
2.806668767747431,1.727047245,2.252114831,1.9017708558013489,2.254706676436796
-0.658699809,0.14402192783183554,-2.297452066,4.374151931684745,-0.812690441
0.3872012382054216,2.8895536854267982,-1.520980579,-0.333862128,-1.302103349
6.103460577746528,0.9925759281903793,-3.109965294,1.0354718335114133,3.227536122521695
1.7208001830204642,1.9751989565210903,4.387004510150167,-0.836357874,-1.854826909
0.9896723441197246,-2.429955436,0.716014076,-0.165895228,2.961666112117137
1.7252617673783501,1.3567511420535008,-1.711052722,0.27041650170253445,-0.196674034
0.5787071362789447,2.363587908644966,0.21076932186454164,-0.583466456,0.15400453025695665
1.9613545449243173,-0.826091516,1.3796616341461827,-1.198418279,1.107057730878213
1.6439449777347224,0.11916744787510569,-1.28308555,2.3348569845045004,-3.44057939
2.4225335294457047,0.028243988871637926,-2.111220329,-0.830369679,-1.06564595
4.223669427332153,5.533482175200329,-2.642345156,-4.109628718,1.1579018046605274
-3.360976295,-2.072791261,0.43605758187611016,1.4448376484632646,2.3519786898179684
0.7033400268244763,2.9051863039176418,0.28664605133810755,-0.370605961,0.828650082
2.2002201858431194,2.511746228,0.20305646204725383,1.257862191385155,0.8210814534682598
0.7277894408761817,-1.060692832,1.5057344833825348,-1.604481134,-1.55179098
-1.224005444,1.7800121221086338,2.4375017274007353,0.7163975926676672,-5.562609082
0.5750509939847313,1.827525013467677,-1.338351775,-1.262212671,1.0510344200836148
-0.554253119,0.43471679848211864,0.6814090031140281,-0.488766591,0.6210680585437279
0.7377561246017861,2.7996754688990144,1.0211635232866383,-3.418083202,-1.028057935
2.2858422979372763,-2.050460422,-0.116537247,1.6929177875641177,-0.530017383
-0.3295508,-0.107309645,1.085951403057938,-1.245158655,0.7877051685688535
0.8007352551971756,0.359838972,0.007395675,0.4527419820749512,-1.043329184
-1.42419771,2.7763070289194967,0.290465102,-1.954050776,-3.292666935
1.8288181078214287,0.6407791079336977,1.2266330241594292,0.037091694,1.547959247
-0.444249614,3.544779810151808,1.804574751449332,-3.418253413,1.9684605153698767
0.16212459296204207,1.0246360765232978,-1.406783353,-2.988987073,-0.26792011
2.0334731980116834,1.8505141387690431,-0.944487784,-0.746782509,1.3838381542302662
0.9672859698466953,-0.132860878,-0.775951909,-0.548594592,1.119696861753128
-0.556112261,-2.366857465,2.726507536536809,-0.440274854,-1.600727351
1.8824741068291186,2.1061083901912188,0.647409773,1.1321709996115874,-0.038123958
-0.409607902,0.9606644869468542,1.4396288412669747,1.6885636830240685,-1.346888174
-0.610438471,-1.098559397,-1.055467596,-0.157638055,-0.268659404
-2.440167587,2.668310258,-0.544035879,2.398530610853258,-3.415633198
1.0902608927939197,0.26882881010243886,-0.107105363,1.1923158581720574,-0.000426639
3.127565991532428,5.202483573614116,-3.219599135,0.1277545430389536,-1.956747071
-3.025801737,0.4348863852773245,1.3223344906461307,0.9606482452886913,-2.117171927
-0.576089245,1.3126892487103226,-1.156620665,1.8177758839450109,-0.591126459
1.299031346230581,1.3089085679256907,-1.41635923,2.507687864,2.085712579852197
-0.229550667,-0.290254057,1.1253083961711174,1.5048474124121953,0.583727733
0.3980814515961447,-2.078234454,-0.314534029,-2.032891021,1.2999044280058216
-0.948616696,-0.100169119,-2.978938576,1.7499726886512363,2.3909585385385284
2.1224468879310034,3.0269080083655564,-4.765723802,2.6709184176521714,1.0542090073557235
-1.181006176,5.9494904439267335,-1.404208235,2.259767426735326,-0.692686282
2.897286720317709,0.4297842914497567,3.4865795228857666,1.6569133371177562,0.509469477
-1.08678801,4.837625267841156,-1.626010395,0.9475038511869643,-3.59943041
3.1725567971786783,0.2793759998882538,-0.776593536,1.2309622471704331,1.612600412222364
4.266298081840904,-2.150219917,-3.114987268,1.7279123420028912,1.5945764591806983
3.157287144250078,4.753750464230404,-0.926311789,-0.21153333,0.7726830714172066
-0.468716603,-3.13070223,0.042384271,1.2018984525129184,1.0764583905198841
4.5932117904159915,0.5091858649523882,3.164223652469761,3.2272055737878267,-0.304815042
2.064785834378069,3.3409168009395387,2.3342234680441725,0.47879764512031914,-1.125269422
-1.028781925,0.2876611676999742,-0.727671002,1.7668059687822022,-1.223064583
0.8833111148636674,-2.109837114,0.42146256203177734,-2.390028041,-2.404075392
0.40362853098147833,-0.504573229,0.5881484042752473,3.7873698980621606,0.4892294145947801
-0.406568709,1.6021770440042715,-1.061003425,4.331272996306966,-2.510591773
2.172049805,0.7742814870470873,0.4965377047845071,-0.341430078,1.8784425958612294
-0.375268142,-0.33123203,-1.052093165,-5.336186677,0.12145763787889055
-1.059882905,3.556306478185395,1.686742534255114,-0.450174289,0.33359046879662596
-0.842932577,-1.019005369,1.694927186083533,0.9687953852091922,-1.491978593
1.5317480833013954,0.46459826037097296,1.216442138786119,-1.769457112,-0.93162106
-1.540423412,-0.845059063,2.962479710882121,2.535880752,1.4457133653149454
1.4681202812633527,3.869886417218326,0.556228141,1.9340897732157831,-1.4508367
4.155005476104288,6.576831628366191,-1.44823879,-1.411357202,1.9985101522829931
-5.040392791,1.0112130691293784,-0.348618451,-0.294756,0.1326417412933024
1.3005116003859392,6.328903790426838,-4.292294941,-4.606067399,-1.506035541
3.511021925985528,1.8010760477489016,-0.848571856,-2.129900933,-0.069965448
1.5719978533447427,1.0562935523143713,-0.196862481,1.970348593072602,1.683318175692344
1.2983485918232882,0.7932221493282252,1.4312860612565823,-1.520202708,-2.477716649
3.183128542012199,0.35659270150869016,-0.181157108,1.7393632538928143,-1.433296951
2.418364784934364,-0.123109168,3.974693281652661,-0.541864456,0.24533917097696853
1.897797678036531,-1.026762194,-0.471318605,1.7968037534961887,-0.040375085
4.125039558372796,-2.45525232,0.236231658,-2.017773292,1.4730044734359642
3.941552053551378,-0.458251152,0.9421003537585906,2.478284102,-0.914265748
2.526801353144964,0.10490058687344983,3.4258367886396797,2.1896162069320697,-0.414038352
-2.040365496,0.7505060487744377,-0.254006288,-2.255377616,1.965828481464259
5.166854063227411,0.6153835510316085,-1.094518869,-2.221660263,-0.578867613
1.0424775793858552,-1.455379488,-1.105469399,-0.587556866,-0.074863799
1.7607114881272392,0.8052282017073138,-1.789995082,1.2061621313680293,-1.1576934
1.629993965110684,1.431629676694686,0.30967201464245103,-2.251168179,-1.385758286
3.6126776640401923,3.0114623346706577,2.7603347933446014,1.254278020002611,1.5101333388834877
-1.399601448,1.7814739153016317,1.5492127652833318,-4.44169539,-0.033753451
1.7454451083848355,2.5132834325705233,-3.24119214,-1.980173046,1.180219837307219
1.7994923791052968,-0.011295502,1.0643510565201575,4.091774555523038,3.270924257454894
3.045251067536212,3.076247120062398,-3.875334138,1.8980373484476019,-3.072503632
2.554792098587437,6.057925512846661,-1.912272461,1.8763420629086816,-1.597301911
2.2266394918849586,0.7054954551602888,3.1913515011983367,1.3475517641420305,-1.324451239
2.982155388,0.5437068515397654,0.13209208756248844,-2.823733906,-1.104969059
1.1425299622455747,1.2929706988589547,1.3042507571883217,1.2167826,1.9428664155587978
2.423568896412481,0.12498578616815204,1.0789314426245031,1.7188696516814577,1.3558507427181863
-2.141943152,0.6796209105649007,3.03473274,-2.325882944,1.3491912215843462
-0.55102204,2.581309465890329,-2.710898315,1.0281928153762852,-0.261335036
-0.032372426,-2.551071659,-1.271831908,-0.949188775,-0.362436736
2.049871384628265,0.9113776887278119,3.3404688196457264,1.5385391694007655,0.5630422804915017
0.24766089246684087,3.0468634671448216,-1.514636404,0.07116481,0.5689681807061687
3.4223631210659424,-1.142104925,-1.864578593,1.429756421632579,-1.330713585
0.23603200536085267,3.677239721086118,-2.576521815,2.118413680232816,-3.624788943
-0.935415401,1.8823129460780412,-0.574470314,2.150999783169178,-3.649749528
-0.200791336,0.5593418814694159,-0.054327053,1.8914715955527233,0.810039366
0.6830312685084525,1.8406937636374565,0.6265567991097226,0.6507907642854742,1.7195627194333276
1.6028102959408819,2.1954031230524906,-0.748878413,0.4220016032457866,3.173392600438368
-2.510550744,0.5381413875016272,1.148402569366816,2.9682468914186293,0.6833591060092549
-0.689186824,5.482002100694506,-0.133543832,-1.071024842,-2.742117651
3.1870664326504907,-1.251188664,-0.97521162,1.6684602973565577,-0.501237541
3.005724670281985,-1.304792436,-0.012986833,-1.058795002,0.2508654900359329
0.5085212046846541,2.4646093522488837,-1.467521176,-0.586345043,-4.795939939
5.973920836700788,0.5003244525991852,-0.160183479,-1.191801943,0.995782954
1.7237912846734287,-0.774695473,-0.380938979,0.9567187142753132,2.2057995795676333
1.1689606538300739,-0.389801861,-1.653383328,0.010074028,-1.932549515
1.414750871346506,-1.381193615,-1.020130843,0.9263851011888509,-1.195500746
1.242676328,4.346482278,2.8335828610258154,-3.08944954,0.37059370555985827
3.974057120680071,-0.58489133,-2.914057556,-0.360437538,-0.638845687
-1.609737352,4.644869542615133,0.22063076236083273,-1.193685926,-0.397264075
-1.834327948,2.4895346972842196,-4.880530514,2.005550417,-0.105943367
-0.386362707,-1.634565871,-2.41289732,-1.240776957,-1.769966213
-0.231246739,2.3161120984831616,0.5306214163230382,0.7081440102622277,0.4068969
0.797427599,2.5768430016171853,-0.210034889,0.047089787,-0.948238209
1.9029954462828607,-0.77478643,-2.748916281,-2.912442762,0.5837746335675664
0.9449375532788914,2.451280430114573,0.15560993219148098,-2.066528319,-0.57635783
0.048823799,-0.982473558,1.3057353283220625,2.0635234876921564,-1.064490878
1.4799638107388577,1.9204009131457367,-3.231415085,-3.573864481,2.321875728771469
-0.252233345,-0.433202608,1.417272878872044,0.6484263871435901,-0.810362839
-2.070327591,2.669051758,0.9535789514388878,0.5417389567457562,2.006134899245979
1.917381280806449,2.7018350217374993,1.711793049136528,2.8027147285321083,-0.5114678
2.038405511079453,0.15746102137775675,2.912844254060255,0.4527662800893019,-1.184311919
1.3448373026816312,-1.090995065,1.478941481890657,-0.818718693,2.4842928217311897
5.233071531165444,2.952511836255654,1.9042829102903258,0.3354354243950699,-2.272293009
-3.839450228,0.3324179349461571,0.891601043,-2.110335517,-0.311430528
6.024820466053798,0.6612270357899448,-0.163907107,0.18755307404128055,0.045842446379034306
-1.242063909,1.6641174255803077,-0.168235655,-0.740762161,-2.337970789
-1.410395635,-2.178044084,0.004514079,1.1865633917100435,2.8094611030160235
0.3164570033409768,1.9703833402392132,-2.421142593,2.5811865340237947,-1.910065297
-1.157347467,1.0107533008416432,0.5942597406502502,0.9544707078816947,0.6078335301786845
4.707606905219244,3.0114985454503924,-1.353218015,-1.371486752,0.068001261
2.202489191598736,0.04215061,-2.045775857,2.9186669978744963,-3.644824526
-0.185514288,0.7372409920721696,-1.673935356,1.115214920552269,-1.078485748
2.7570830412842025,3.910301727393619,0.4326616603238953,-0.683926038,-0.795215255
1.3776302247825167,0.069844294,-0.34680189,-1.190505601,1.0487272666443461
1.9200198992368542,-1.453473137,-2.433709607,-1.747334723,-0.959439559
0.2729803988624895,1.742582788648214,-0.79445836,2.596552156323898,3.758247660508509
-3.332087603,-1.071573715,1.6886813405377958,-0.574957515,0.4568132263552298
5.150884078077897,-0.063967747,-0.97639122,-3.2542097,2.1955795742273287
3.727108435079192,4.679547783,-0.726855836,-2.740954969,1.3921291632321258
0.76815034,-0.71537267,-2.093730007,-1.046156196,2.772048298984009
-0.465966351,1.5858152167232038,4.511280396,-2.999862998,1.0290269503670186
-0.172400944,2.6422749985996488,-1.025015381,0.853585764,-2.703193827
-2.535497744,3.818352794232159,-2.736894722,-0.344844898,0.2753185229434216
0.2139315776781775,-0.220056442,2.209225394859991,1.3468513333677723,-0.620988878
0.3426232484531958,1.3569919090627343,-1.035315118,3.400941983150109,0.15804541126954413
2.9244319144559325,2.476871239700907,0.8823565493131942,0.6542532815622897,-1.776166074
0.5874765494514365,0.3477880175050133,0.073642643,2.3414047395781212,1.481887885127703
0.1951259101441737,-1.896439241,-0.491488577,-2.909274106,4.625898565646392
-0.29074212,0.854566865,3.4121598526070915,0.9508980923232345,2.140846147921618
2.514196269995585,0.33417646718725735,-1.148148436,2.7354131150808025,0.11705406987721956
-1.045064533,2.623175213850129,-1.589042246,4.600331900451656,-1.82130889
2.510291584,1.680778827012765,1.869567808450563,-2.071055442,3.0120045067498147
-1.582309269,1.7320057357462328,-0.18843045,1.9493579847514788,1.876565849011411
-0.770193937,0.6132345687109921,1.1678890936520268,-0.871890528,-0.569756152
-3.039475426,0.9872879808534051,-0.092771408,2.021824540528164,1.2420237526606641
4.3241904556620225,2.165033893334913,0.16330560784962755,-0.710365258,-1.410468811
2.0543139694753396,-0.687768039,2.971193120285432,-0.000976805,0.33453378613594664
-2.135953241,1.2799845781640005,-0.398765938,-1.605059121,-4.22732105
-0.406652756,-2.471885301,-0.260263593,-1.77158571,0.055049066
1.8576875695262762,-0.003144961,1.8376983037690493,0.091152307,1.7145917079252304
1.0895994585835445,1.267174069311934,1.9143025675057412,0.43462974692843176,2.567971925
-0.815564607,1.6692558690215864,0.3908030471417454,-4.534377049,0.3840374880461137
4.533903746624599,3.7255472991072467,1.0558124821015504,0.7545604660079019,0.016255102031393288
1.109387416901941,-0.326513406,-1.755810176,-5.697161658,4.099122196704503
3.250318391,3.4779982107108762,0.042084194,3.2104931312055855,0.23778438343363498
3.8996373827418878,-1.749959857,-2.221596096,0.3000924715640562,-1.133452907
0.1489456999632055,5.728739670079737,0.8210481040460834,0.5878784727902379,2.469178230700718
3.8321814110186927,0.4618548056009759,-4.179239116,-0.927436874,2.306638117657255
-0.703515003,3.8266362962252893,-1.340787344,-1.578638245,-2.458900548
1.471954516856365,-2.965027649,-3.103413205,-1.868552847,0.38522690590210373
0.050570558708492475,2.8447401710310443,-0.167191517,1.1477935536684682,3.3357401210649686
2.298123598812148,4.572485927,5.0301247927590635,-0.906239759,-0.94294674
0.5554927535994261,2.0649174667801895,3.945729816863383,0.584152857,0.4507131346059634
3.691040037390397,-0.250571874,-0.716319322,-1.840295149,-1.027542801
2.6433889960457435,4.039679080441333,0.6001178412813616,-0.678849678,2.0343454767255165
0.5335423899162091,-0.338042685,-2.046291643,2.645524557768709,0.8683933840060893
-1.717834813,1.2701392579573798,-2.190776851,-0.00845022,2.5702686041303093
3.5496768443925175,1.699474023756812,-0.674005585,1.350712437002157,-0.86016797
4.004615903,-1.745101256,-2.299736234,1.5974179,-0.085742685
-2.733760316,2.2964966995252087,0.24452383046731052,-2.626339281,-0.479624688
1.3545177375820574,8.239764518,-0.074595703,-2.592804969,0.045345114
3.262951936236038,-1.382550318,-1.972129202,-0.928419895,-0.31858721
0.5400499352609549,3.1931243387868165,-1.960979314,1.5195464665312177,-2.53624295
-0.218554424,-0.736272399,-2.318646815,-0.886176693,0.6206848023151317
0.850234848,-0.953031995,0.5188301871146133,3.349378224,0.4434298175088136
1.214839681673136,1.6370841696687362,-4.82581647,4.098475953674033,-0.556801571
2.466998997720501,0.5036338228625845,0.23095796458149478,3.1297718974911217,-1.843268144
0.9706898709881682,-0.084228274,2.4917722203624963,-1.782925843,0.30947937313288565
1.4123585425111838,0.13455419770496602,0.2012440677951562,1.3454068078935626,-1.95527923
4.540680313110743,0.7416276490568463,0.4256566479405857,-0.309458164,-1.561709408
-2.931148658,2.593668839290573,0.591789786,-0.226198317,-0.903823872
5.034475194625959,1.111722008858859,-0.348662234,4.294932773414313,3.3384334826729467
0.8555302105863873,1.4628795352764243,3.3145144392000416,-0.206585841,-3.713044739
1.7390016321770863,-0.579958182,2.2833308966527888,-0.487649382,-2.237281088
1.1295329073719036,2.0898102689125575,0.2903960211099852,4.433098997537486,0.27014560122666914
0.3392181473156567,-0.175678208,-1.544364038,0.10377841327933761,0.24123200616704818
2.109482608,-1.911005415,-1.781814686,-1.837525052,0.3174822475103164
-0.883204385,-2.761096237,2.4808038931109815,-2.352302136,-0.433677318
-1.245342536,0.40639268865987077,-0.54871889,0.11563249427452821,-0.598524174
1.8684642610529192,1.918114687033511,-1.023225886,4.039003486034544,-0.737573755
1.1573676152935164,0.11162818484338433,-2.064876186,0.2739074006784064,-0.287256708
-1.168136325,-0.424771903,1.3657148442396494,0.401628805,1.1195394727326373
1.9073084969113592,0.7917990634004753,0.9370372353933099,3.2323088528932935,-2.686921645
-2.687708225,-0.552604826,-0.285923786,0.6098942127645466,-2.557485374
3.5785743202674247,2.079633360855922,-1.603940405,-1.2199587,0.2751305465585045
-0.41352222,0.18475562492113018,-0.75126271,-0.29338847,-1.563314195
-1.602414533,1.3961868068753756,2.533085598158958,-0.535702599,-1.331081862
-0.662489688,0.7635153527601104,1.8221014695918973,2.896525809107629,-0.314925603
-4.61725181,1.3660701666768167,-3.564635074,1.6621385901844319,0.9909787419373395
3.676576882202516,-0.96506556,-1.150382994,-0.010025538,3.706544456439985
1.963478538390428,0.9003374947528971,-1.238179681,-3.383424579,3.538634602959269
2.5926361519941565,-1.404438609,-0.837859209,-1.261698029,0.5328427945266261
1.4823900496873534,2.464316400865692,2.786761516524686,1.8259570426804657,-3.395287596
0.9434252399714178,3.6350002446116325,3.502246626797448,-0.143883609,-3.811662985
1.984523106477884,0.030833728208049083,0.9967381695842071,-2.457199995,-0.138713922
2.7889152876308256,0.710519536,-1.412874093,-3.702268544,4.505255667462189
2.702816484496875,-0.408930243,-0.472075182,-0.547161207,-0.77828062
-2.019885643,0.83520988,4.543424358919545,1.1715622711341904,0.12875929931706706
1.3631048047619672,2.1721174313524276,1.3442633599771843,2.5849893361568124,-1.627606889
3.7353317435559004,-2.670476332,1.8269108520854311,-2.511976212,-3.183033619
3.8103070191949473,-2.865471257,-1.216133294,-2.532477095,1.7033449410002386
1.869994642848618,0.6633417511341455,1.3510389884096912,0.500797531,-0.113893384
0.5262930092828566,3.135168869050065,-1.815346958,3.318267314593626,-1.323868261
3.540608127918603,2.4464207506479876,0.1386253631032389,0.7699809008404671,-0.719939067
-1.649562406,2.265154293278128,-0.762693702,0.005622091,-0.534118518
-1.72856785,1.4737133662386748,-3.115987885,-1.979540813,0.16437985905229416
2.3827471256645856,-3.612442674,3.226080089654394,-0.241355525,3.2041948009814702
1.2151281530710147,0.13726236261504565,2.4442620600306326,-1.965660154,3.3061318014915204
-0.927243852,-3.540256632,3.2215140133223423,0.16320950197337197,0.994782379
0.6978852872031247,2.628278548,-0.150695422,2.207435554929652,2.3153623634346374
1.5383536748894573,-0.374370962,-0.537116474,-0.066454615,2.2616445497199216
1.2107161600418817,3.433129442,0.24402119845837733,-0.739122835,-3.300676311
1.2596978656333695,1.381794614429178,-1.12399055,-0.417614596,-0.359244201
4.536288506830353,-1.815846893,0.790548244,-0.186281266,-0.303291161
-2.167481729,2.971922605722834,0.17434937420397092,-1.863840693,5.071161807748539
0.835150516,-3.00387973,-1.38660641,0.3484781153216243,-1.146337462
-0.308071124,1.6395489904978766,-0.864856252,0.23614129003520717,-1.555231926
1.0400596661153862,1.9408481380900688,-0.211875814,-1.014607462,-0.741116803
1.986817567192759,-1.71844467,-0.70673654,2.983805846098734,1.3093808015233612
3.618358642102863,-0.775467666,2.1421627228589166,0.10159282593483655,5.432899383349389
0.2986814518396831,2.138158907751043,-3.087531097,-3.047999606,2.7486429622568793
0.7094426252131736,0.9790617687343414,1.2325686788419532,-7.496101553,2.5720339009045947
2.7141704738995385,0.8325920163717556,-1.737249798,3.329075315068171,-0.798941176
3.902439541,1.2200596205336038,-2.043132345,0.8131399410553758,-1.350771698
4.9138539389584395,2.237676158328637,-1.522899224,0.5002576202244386,1.0430480324363112
2.5794258331867956,3.434538069199503,1.400527376547143,2.221918978438695,-0.646181345
1.9765929021858057,1.339885376,2.0440683196887655,2.2913718820551994,-1.639899593
1.6823634770659073,-0.401519159,-1.814135528,2.259454623563953,-1.555759551
-1.190748871,0.9334106554125338,0.6004240422402982,-2.12873278,-1.557642144
3.2900452038299886,-1.109379749,2.296453821286688,-0.784540896,-1.61380887
3.3777255990501245,2.723455572650524,-1.844375333,0.4380590630582946,1.059337251615528
3.1247669335475843,-1.609615646,-1.247774235,2.483167528755069,0.4135029056026866
4.006977932486507,4.731015402189957,2.9807357536358206,-1.084549966,0.5255176618534201
0.042470259,2.140654378,1.0419447565915385,-0.698417647,2.784555176639548
-1.510069042,2.3582331892199866,0.9607577460783837,1.9322174357640998,-0.255751196
2.526399601813382,0.8135107092395276,-1.768092384,1.9679508123434724,1.2268404104876343
0.862557761,-0.13049038,-0.104718375,4.286240959964861,6.016074266042565
2.4808015386386395,0.8045490611619053,2.3799951586656722,-0.342090235,0.12298378020876351
1.3270283942662366,2.703985538868931,-0.221967958,1.1110837812653593,0.5869382255002127
-1.44528365,2.7486880161779443,-3.502596291,-0.582190255,-1.714870606
-0.630869322,5.416359670698368,-0.357731027,0.9942723789446856,-0.098177748
3.0256226079610884,-0.747384998,1.6994885426446664,1.0407028120432276,4.072617870288017
-1.047106305,2.920786880475779,-0.906081299,1.0552388204778511,-1.466409682
1.024026710098489,1.4954610328183708,-1.414210195,-1.716760831,4.017250853777895
1.852916803739026,-0.71379151,-1.313627396,-2.694318487,3.842046210874581
3.137104457550764,3.335112341596444,-4.10838441,1.5538755452349908,2.055797706578358
1.008946986698354,1.5240849250338901,2.0184767390424003,-1.286914905,-2.365005712
0.3827236336102847,-3.674813984,-0.733784347,1.9316891746828766,-0.568930706
0.6906587260255544,1.1242290619087616,-2.479093852,3.310288466352858,2.194218487091625
-0.006011973,1.5040221630612978,-2.812140744,3.7925068926990404,-1.029654928
-1.491846815,1.5092883760800473,2.9058633711526283,3.4434975227871703,-0.667954155
0.9082830462559853,-0.288542525,-3.705075394,1.8916445581694514,3.5285242929803586
2.095686498863452,3.867571470246193,-4.890925115,0.7868781015285147,0.047374622
-0.908728692,3.4989633455118008,-1.190591888,-0.03805951,-0.830237902
4.855337895647002,-0.978434842,-2.555730771,-0.504040158,2.1944776621557067
1.1528087710823702,2.220348609237682,-2.310381814,3.1680345444546227,-0.401815956
-3.037382754,-2.923049213,-1.218087818,1.745594330542646,1.8840238194805952
1.9753084959091065,1.252517963446484,2.3752740426982863,-0.220107973,1.4311475385631793
3.398158656615658,3.4133929366364404,0.5784976777314852,-5.052747505,-1.60120531
-0.157629768,4.626593949680306,-2.17746565,-4.10356363,-0.992912435
0.39196921574754395,3.4369725264900173,1.5342520023987576,-5.202505429,1.4860474481461234
2.516989561,0.42053584469351224,0.3075624362571601,-1.368701497,-2.180056952
-0.970972041,-2.648176857,0.4040207739844151,-0.074330578,-1.295991108
2.636635491703275,4.152834866826528,-0.867588514,-2.707465008,0.877779832
2.8928229342435197,1.263098660289255,1.1625088580039866,1.4428744056772143,-2.511805597
2.8688795203876243,1.6071365451728914,3.2843162796803727,0.37610292545912133,0.1564475760994674
-0.880011117,3.9919829499691595,1.5451291381429044,-0.098093288,-1.6212533
-0.347572638,5.506843502280634,1.6121359158780455,-1.488938449,4.452614674693459
-3.156102876,-0.142684264,1.6709819095464704,-0.599479624,0.712540904
-2.577265042,5.0028128522051984,0.022152670200428295,1.146056040504136,0.45351855575303734
-0.191960231,2.042735577859899,-0.814802326,0.40973834280860155,-0.887896683
0.19251541775508785,0.7564698867694134,-1.13942038,2.7205669219342465,-1.803154331
5.294977583,2.0855999412430877,-0.55204441,-1.767844351,-2.382028964
2.6366188912719544,-1.909554897,3.5374449659672966,2.5017983791057548,1.0197022279493202
-0.063813556,1.1143344972339595,3.792799119192169,2.4064523043955863,1.2492201625740924
-2.703830591,0.32991358509826063,-2.674636722,2.290954166350334,0.44612449830211454
3.562183579942756,0.40152444014617183,2.078979244430939,-0.49519056,2.237781042001734
-0.833689042,1.0070895582135646,-1.178302809,1.3119788423650238,-1.050992102
-3.637855416,0.000390429,-1.751266411,0.048021188304038884,0.36709829783132497
0.7283438114798442,2.9702425937044246,-3.354406908,1.3250044695531176,1.1601359136624487
2.146101029,-0.77119744,0.18070724951803682,1.1817692942270268,-1.5040677
2.4245815894456606,-0.835273687,-0.221585422,5.605486462611313,1.3533251274597768
1.0069717982437636,-1.164103471,-1.812328213,2.881273128486869,-1.374453173
0.2950290047543248,1.523534819710252,4.595587417821793,-0.644951839,-3.502800424
-1.348158148,-1.870052372,3.1542716340345933,-0.045006834,1.2725894418016068
0.11584720262221004,3.0109046814539204,3.1615779308477143,-0.750750939,-0.346638024
1.947809271,4.956422917360819,1.507456288038248,-3.149657791,-2.357887968
-1.504913737,3.745958257284354,0.6482053076172267,1.714020378534771,1.268445494
1.0232009594711367,1.2980636487443082,1.8719248148685557,-0.270180431,-4.314242688
-0.990012145,3.2646882411663736,-1.821675835,-0.624194141,1.9766393428198843
0.13926214763287748,0.096869896,3.9191883123408697,-3.552882147,1.0798930021971902
2.1628822455268706,3.0871181401198124,0.19907402241356417,-1.006367273,-0.243556868
-3.252071281,2.6472011999644613,3.287259027242765,0.9026718544469599,-1.270396716
-0.152776117,0.6920964036790029,2.3172794672430017,0.6485081751882296,1.274985706979821
3.2165019443790577,1.6272397301723989,-0.06377885,0.4173472998976579,-2.73068117
2.7659879074986766,0.001851665,1.0784486609972876,0.1476192709614333,2.2309152893282205
-2.193597821,1.332921022633836,-1.464618513,-1.833489195,-3.95098838
-3.490213957,5.792319760246412,-0.073691796,2.959460324,-0.076302835
-1.308876584,0.005181369,-0.724791179,2.699553153643034,-1.655115363
2.4725163706102222,0.10758589754313963,-0.160269248,-2.311792305,0.2761710599474454
-2.066616545,1.0840339529842173,-3.617828031,0.6591482679526046,-0.264454653
2.5607832005335736,5.659170921982459,-2.843303224,1.8565629784347888,0.5648686832094253
2.129874101985358,1.703321395300403,-5.729590126,-1.795788958,2.6081604639088836
-1.025799413,-1.027159741,1.345622714682236,3.1477210862881417,1.1068765439297295
0.9907217013025647,1.5421123175958893,-1.584053217,3.017015896278747,3.1514029814449347
3.5621431813149393,2.732340229453888,-2.865198063,0.809964403,-4.680591066
0.26653397949137225,-1.027572482,-3.106975786,-1.343103264,3.108846283042085
3.009461243625472,-0.434446214,-3.106944533,0.18377216671995467,-0.297646064
2.2666477569993666,1.0309608461676383,3.4846758193327965,2.7451965763180852,2.2726874530637877
2.664290783482567,-2.409151459,-0.003696234,-2.455522381,-0.210457397
-0.390295156,0.026411348,-1.300217321,4.344652776135957,2.9093128866898583
2.9978123466115365,2.4886960934891436,1.252959858570173,-3.573937714,1.9849412618305031
-0.324910872,0.7644012701489361,3.063232874219535,-0.929877696,-4.225581945
0.092721562,1.1824845155385073,-0.298813498,-0.492451513,-0.437891382
-0.902789805,0.5272225872199597,0.090141038,1.5982905128318277,-2.327342278
1.3500395353049173,5.233408205173156,1.3783840466904902,1.3462456261781481,-0.423670253
3.6094465671476095,0.4352101128371033,4.742714753243124,1.926490140414642,-1.102094065
2.1839671195748567,4.927044470979107,2.3717820313739715,-0.216687366,1.3499547084730203
2.3525411870431143,1.1818091576321372,-0.714432991,1.4572123896618214,3.0995560726082565
0.5196599579540243,0.44750974953705813,-0.609958658,1.885311273756942,-1.000233108
-0.656047625,4.053313885700825,2.610390019645752,-1.967107176,0.5331994525413689
1.6439563392673273,3.225679132,1.3993925241116312,1.4761852870659913,0.10585620275583513
1.5543492650750372,-0.719971173,2.1180407406663595,0.1725124039327996,-1.24379404
1.852671496658862,0.17237795515343535,-2.302176304,-0.17057799,-4.599398146
3.6557310324139567,-0.584180487,5.356913914892318,2.3275889284570233,-1.639008621
3.3575396435878315,4.075403857123076,2.6076262416978784,0.4713914915662407,-0.138623411
1.1489602620871269,-2.33877089,3.676987515720813,-1.457155216,-0.19387178
-1.944912821,2.5617673530699285,-0.46265914,0.9384824302026792,1.0400189552923509
0.42257046102692053,0.6346958782772435,-0.482243918,0.2404297687630386,-1.715852041
-0.692253198,-2.54021816,-0.546138272,-0.282201235,-1.303805714
2.2473994660649836,0.8423876878167879,0.9059301123756318,0.6637388165580433,-1.808305298
-0.627890424,2.457976956619464,-1.275211331,1.7149991088276522,-0.27452557
-0.729412431,0.43908710495676917,-1.587383107,3.550906406,-1.409695848
3.981633534820979,3.327068983,-1.277151637,-0.47648117,2.189042785
-1.576404721,-1.273121355,0.050263430518106424,-2.091514012,-2.480612913
-0.323866347,1.9044286389098604,-1.701065246,0.6530402144930033,1.888900620582148
0.8180953631122588,0.7741455340869157,0.34742374452534425,2.5769539387610827,4.004621228701608
2.481106645694552,3.2083741804192876,2.479026389823012,-0.474880814,-1.292786232
2.370555845283252,2.439596149,0.8223604002128774,1.5159716215215473,1.867167401171447
3.6039057029860326,-2.141754599,0.8767255477019719,-2.88448341,-0.43484215
-2.935454248,1.742279143173136,-2.64532072,-1.660425059,-3.523677678
1.136847732874927,0.038398842,-0.7429834,0.7868574232652737,-3.793852822
-2.17808455,0.8006268769244062,-1.024246054,1.932602669,1.329937594722181
1.9199547037349922,2.23617298,-1.129948257,-1.631722923,-3.07225398
-1.749256484,0.9913467226808491,3.7871577813105755,-1.237646521,-0.514081562
1.0003660166373511,0.13545862810015952,-4.237385687,-0.433422346,1.9115518270158969
-1.601295037,0.13652189417345617,-2.595447004,4.383935404799017,-3.037606916
3.417931379,0.070269577,-0.083927987,1.961176629167913,0.4599948288644692
-0.133672226,-1.267030105,-0.333183019,1.6770661385871317,-1.166301759
1.437417821126177,-0.49365825,1.736340890035723,5.669798666,-0.150665759
-0.606151491,-0.699799644,-0.421296736,-0.196486758,-0.195299074
3.912973141091238,6.748780323957726,4.867717895,0.7910741972459349,-0.225692389
-2.795409574,3.308839099622414,-1.516223838,-2.661493437,1.5259716691341567
0.51831346,-3.02018795,-0.267978839,-4.187918898,-0.960575537
0.043933316,1.2080279099721423,-1.025721628,-1.180669116,-2.739202347
-1.9492936,-3.560829097,-0.05028624,-1.071824335,5.036094241566409
4.894960388677186,2.214339969811078,0.2329866778359602,0.13573114677724726,0.9269996044943731
-1.183214222,1.9638856345269415,0.06782448,-0.057520462,-3.89142038
0.685128381,2.1840031012060708,1.1993901684470618,0.4360819586067356,0.5768176074244764
0.6237201092714109,3.063514790126408,1.1973042680773933,0.1430798482604418,0.5389130081947628
1.6704511337291224,4.061683795871215,-0.983181548,-0.899762767,1.7791585028910888
1.4219971978931105,0.8152679032635806,1.2264897210764385,-0.34098217,-0.478176767
-2.972995985,3.158429318,2.9436597912654845,-3.147316902,-0.027586401
0.8499815345746558,0.18333704232176196,0.042094493,0.6993848292751265,-5.003791817
4.922507304738469,1.5301648171188145,2.639534466202417,0.11343504021373321,2.0670371239583565
3.6361654544970343,3.234926078976257,0.46221694618438464,-1.411269497,1.1535478660439726
0.4575430580173797,-1.618478001,-1.355623321,0.4620980241587697,-2.758184688
1.258663945194632,1.6428146463918836,-1.391861646,-1.134654002,1.324027306590903
-0.513228432,-3.286133731,2.0437373236838203,0.4977362228216607,1.9192436755390578
0.47926499846765913,0.10523408163088643,3.931537830193911,-1.506486609,4.2101095599505465
-1.299151954,1.260642833665591,0.8191411324675437,-0.138585437,-1.028288033
-0.710208544,2.4928204815596113,-2.626256891,-1.879047092,0.5144238931874865
-1.311972517,1.1672899698662351,-2.509799187,0.37733650217384096,0.2602909722892523
1.5446504383068973,2.172885785779885,1.6126329537344681,-2.415186416,-2.080637482
-1.071428074,1.9153069758415806,-0.400107394,-1.828397758,0.34508766082049425
-1.579390464,4.593239562704693,-1.266603085,-0.437734423,1.0998841576852179
-0.283496162,-0.170300291,-1.392297851,0.8424224452923526,-1.985150522
3.3906598545143245,0.5729767906812722,-1.061989114,-1.582763774,0.000787274
1.4387431409171654,2.2072326577916215,-0.397168286,-0.884194968,1.594222779151113
1.5183235909419206,0.8917821355989828,-1.995454497,0.4172256712112918,-3.855068441
2.2259648389912923,-0.446554068,0.5459378338186764,-3.033019312,0.5057434051657036
1.9667525208193037,-0.358555208,-1.556234072,2.079555811997079,1.431953602917431
0.068096194,-2.445091479,0.3051384247815483,1.3129111477269204,-0.286700898
2.7066642832440793,3.931191652886667,-0.690937323,0.6423522941787217,1.1948475420008604
1.2275766459484165,3.3583242453049813,-1.053409399,3.301944525390532,0.47868876411546296
0.8918383469458141,5.368162760359795,1.0498049602843327,2.269180751881653,-1.026585716
3.2569248276371043,2.7610510967141915,-3.112231349,1.833684279384804,2.008210833949658
3.1775106801204585,1.4245638984244193,-1.419915036,-1.353989012,1.6987850462189826
2.0871044113647104,-2.702171032,0.7353149952674739,2.1805838543493037,-1.788381943
-3.060572469,-1.588180531,0.8714698799894035,-1.764044842,0.4473905963704717
5.296239633978029,4.167751281667478,-1.745220106,0.3873648873847828,1.442846427469487
-3.4320376,1.8518727716972918,3.545434986413547,2.5175599730074176,2.248527960710042
1.950555833383726,2.573447919790272,-2.724148114,-0.26673689,-0.93252469
-1.239554139,4.863543039061165,0.6266446533203706,-0.751939314,2.8508781604977615
1.2069423315232575,3.529013784253402,2.2442651132048086,-0.840656362,-0.972619401
2.323695877,2.208642402943795,-0.549998606,5.004450889068481,0.024087265069386615
1.8340989230799636,-0.027202265,3.5935984917337227,-2.333692125,0.16144215367191025
4.675905503505943,1.3801731267384063,-0.249342344,-0.637499518,1.4382514904321562
-3.354708493,1.161835319355324,-2.304952276,-1.555623679,-0.492312338
-1.520690138,-0.280435487,0.9998144293650464,0.5910167793546013,0.20332582924229747
5.389154992922643,-0.053777154,-0.120965774,1.1014049882676895,6.409391667053476
-1.493928644,-2.004992745,2.936947764500898,1.0574489331417969,-1.977387839
2.2862548289694207,1.515036034309575,-0.997071641,-3.296497761,1.914692129354386
2.062578697152208,0.9880398198692413,0.06054389,1.1869929489482536,-4.967628076
-0.399633423,-0.821283064,-2.721914947,0.8308147440465733,-0.307286478
1.8588767397561132,-0.118400164,1.4565281807805217,-0.95928619,-1.219884764
1.9347618490521787,3.179433426101346,0.6806434950811344,2.066330905200636,1.1898921975226788
-0.981955687,-3.515278718,4.219846885596255,-2.012731074,1.2194578712157902
0.20076048280072312,1.255864940572286,1.378336209192027,3.827631433192837,-2.669176509
1.2188849739169938,0.082586803,2.289640182349837,0.2507324007203494,-2.104385092
1.4055769105470195,0.639995041,2.886110791282823,-3.204926054,1.8878714891450599
7.0719240759988855,-0.880917894,-2.519654613,-0.528336537,-2.609506864
4.791323627274684,0.35011729133819336,-0.04048614,3.0115555899423314,0.79976266
2.758475367709645,1.8658504783819374,2.7795106913907532,0.80124822,3.725833669684147
-0.474012645,1.8023440039888237,-3.679366257,-1.305356555,-0.36083772
-0.240236723,-0.342842714,-4.147491587,5.103021593620361,-2.265571717
2.127804376043864,-2.314213884,1.3399970753044415,0.7590640202411658,-0.856068895
-1.573321735,-3.98881567,0.23036219143496028,-2.007946536,2.678515719468953
0.7821852419414107,0.681611668,-0.232863519,-1.84247785,-0.199911792
2.508354148892952,2.3490748678264257,2.8187654690074524,-1.263722546,-3.871501679
1.1603611015872604,-2.173181968,-0.011009865,-1.248547305,-1.040648516
1.718763759433887,0.053434358,-2.186494205,-0.473741966,-0.204020412
1.2455284862871747,2.1208217006346364,-2.739532063,-1.061532365,0.22555490024125954
-2.323030434,1.3130945156164233,-1.355398159,3.1222358675890454,-1.611700021
2.5727455310345246,-0.600936529,-2.535071844,0.6068592698534847,0.4710418847501637
2.102185843460788,-1.4964921,-3.360446637,-1.274073901,2.740797641810306
0.7225819444491075,1.9910247747224523,3.1935307782495506,0.3801498128884646,-1.063631727
2.794798970423259,1.9543980447882014,0.13450509411936848,-0.369918197,-2.324339684
0.8052164952032994,0.6345212281858492,-1.242313744,1.678997768680202,0.30838062637776986
2.069044131303756,0.5137807811289263,1.1982807058029177,1.5542328461804475,0.8737789384879222
1.5564834234921379,-0.970608058,2.526919639737399,1.6246354447642863,-2.625246596
4.262104150735705,1.1929610787645126,0.5211828913861059,1.3722155665423974,-0.591368148
5.417115451626298,-2.669361494,-1.181426155,1.397742294549564,-1.764012815
2.8839442039359433,-1.530163709,0.8805420843913209,2.2846164698637472,1.518860840705598
2.3035538193788785,-1.014031791,-3.784856628,-2.019887785,1.3694077763034866
0.12838718893901158,0.14752750663876013,-0.416261511,-4.105911214,3.387921153325338
-0.526756739,-0.767494323,-0.817411418,-1.175737464,-4.174384174
2.4424096443369754,1.8940232435699156,-1.454300097,-0.570146851,0.9195506386908551
-0.200721582,2.4215463564611905,6.111679698377078,0.033009924,-1.202668825
0.9260102395841993,3.071457242505566,1.196189072708436,2.159940915716829,1.1554164941118175
-1.958440455,1.6205194963908027,-0.193367574,-2.378287103,2.5487488693513116
3.750017175844215,-1.199260806,-1.265686948,-0.605744526,-2.975758765
2.938661307588147,-0.147461681,1.4739006247152224,0.3147705886583806,-2.184879654
0.5022491048165827,1.98824661,0.3399544652541431,0.7202786303588907,3.4938900815966143
2.581162103203553,5.170132870372287,-1.996784927,0.9632137621265134,0.7164409820792317
0.9743680971152008,2.1109502617380675,-3.189929814,-1.303161924,-2.421359662
1.0229613978742862,-0.012220592,0.7105212748020152,-0.034639723,-0.660492863
2.7117029811954914,-1.386509125,-2.294896845,1.3644401929260646,-2.985932168
2.5097447108945863,2.530089015324157,-1.03030297,-0.04912687,-0.545838784
-0.011959591,1.963634185217491,-1.464313118,1.9184490735484294,-0.63327987
1.728039856133889,0.5793421950545566,-0.285772079,-0.387055485,-0.894374406
2.2691660036139893,1.2796506096879088,-1.143583885,1.6284471531146643,4.113550263103796
-1.696044219,0.9643270535840592,0.7686774404056593,2.607946081409709,3.4110064482527838
-0.456378886,-2.686364438,1.140074049,-0.195521997,1.359652611891914
-0.283812112,2.327350552122529,-3.498962381,1.0558248156198828,2.742213752395267
-0.837045619,1.5264932436221705,0.7717911335903781,0.8576357981368034,-1.26368834
-0.130869675,3.2661700806551077,-1.699343311,2.661861979951591,-2.69868123
-0.19488125,0.065927393,-2.941941912,-1.037018901,-3.790016609
3.340943006,1.015168406828389,-2.052680085,0.46084350816070274,-1.278733449
-1.774554095,2.0708335649174705,0.10309943215181944,0.018181240411745146,-1.805558413
1.3852015553716384,1.313525668525566,0.9544942856026831,1.6431158643566894,-0.313303911
0.11878624000132221,1.1910281422727178,-1.140264452,2.9042771730093633,1.087191921776305
0.37736407165727515,1.590683728167655,1.9500466864727657,-4.632447827,-0.625682631
3.089351616510406,0.5485162815418714,1.4798638042420271,-2.418037455,-1.349547148
1.1787823622022637,-1.588649051,0.7515577660526629,0.7854507259133009,-0.60209162
0.4331661981159023,2.100932823902398,-0.441517775,1.6718117761995936,-3.021571996
-0.930300054,0.6020762084325114,-2.372324575,0.4816886277952945,1.5914776098303198
1.2304034112533013,-1.690735265,-4.229163432,-2.518359131,-0.591119842
0.14944660225790873,0.054245496,-1.798530351,1.4586268020633446,1.317324368207307
2.151455577294825,-0.276024803,3.0847086404391333,1.4380910259848445,-1.074107896
0.6509275610463205,1.7548326716677174,1.2149559292541903,-3.259187181,-0.764096966
-0.641899322,1.7512250900379456,1.0294256608079555,-0.292550387,-0.512356853
-0.077020416,1.2244647611541224,-3.797136315,0.38976699254745445,-2.220370077
-0.979588191,1.6966835399577724,1.861873179083206,0.5903366943405969,2.125548004
0.063993495,1.0920000428180474,1.7450129432548747,-2.447730727,1.7379812894839968
0.842631069,0.6765834538196346,-1.658855076,0.5695653014006886,-3.025095828
4.378820376452714,2.3147107464533674,2.3196092194885862,1.5297373955934621,-4.901473549
0.5221246700228683,-1.520680887,-0.83393212,1.931775209046887,0.6802045930764109
0.003428822,3.8290533568171825,-0.364894941,2.501486509469932,0.9358469409962256
-0.093145917,4.179263160553214,-2.771057083,5.751279588517511,1.9018944802555486
5.448852697070369,2.6726799087197692,-1.348648726,0.614262087,0.9830298589295461
1.6615071725051336,4.399347954892889,1.303505996549343,-0.865199998,1.3773060491308782
2.921264870191358,-0.727070663,-0.316024126,-2.859668937,-2.50012656
2.008757889041474,1.5767031516103676,-1.933063639,0.46556187255047976,-0.150116187
-2.000572019,2.2034568635059086,-0.460283057,-1.037380629,-2.833795081
2.5166254948524722,-1.230520398,0.885114944,0.8114718429079777,-1.914539822
2.803825095373727,-3.180118793,-0.47808736,-1.243788062,-0.688416107
0.044985831,0.5988032026375183,1.575306479947876,-1.430965582,0.3917723471880071
2.2116325628639597,0.6095889398272651,2.934790789949438,0.5716146152243642,0.8125162721147159
-1.579182417,1.9131364993144193,-0.734878978,1.918260115158053,0.7460113342896358
0.5926793343803846,-0.257420276,1.9120975747491271,-2.180074358,-3.562197223
-1.253956137,1.6206968284712633,0.8971259382089726,-1.104253217,-0.004125582
-1.039144923,0.321752395,0.042541955,-5.108622099,0.22367249421588392
-1.019547077,0.7681734634298353,-0.884097876,0.6462664371057785,-1.813413486
4.275234210046582,0.064167611,2.815893270986671,-1.117111506,-0.943375169
1.7287874130057492,2.7617577714555024,3.948480049314039,0.06281304,-0.672589245
2.728811106485864,2.1547561255385363,1.9754035222217652,2.265698243948969,1.5667838968895667
-1.316389554,3.4431432448308916,-1.821658945,-1.453715057,-0.513584107
2.519694303645818,3.9267666951387254,0.23746916584543504,1.9852184030054418,4.415057586501551
-0.358203937,1.9025286601501303,-1.979727375,1.5006793429657312,-0.228704422
-1.805700802,-0.550492752,-1.246063803,-4.070473849,1.4945018485841735
0.6905750394911592,2.520185507344629,3.571302312,1.179435320634602,1.2514529332697943
-0.630380974,-0.818630156,0.9160420039401981,-0.749890713,-3.867948375
-0.464902727,3.631298260264956,-0.624366382,-2.409807855,2.995477672677647
0.28934526961321716,-2.821917483,-2.606123106,1.0530135292935507,0.8326362125700456
-2.306667585,2.2777454039370943,-1.07484524,0.4455264519163328,1.4982428908110954
0.883203403,1.5099298620414086,2.1976449792904793,-1.250454317,-0.512201197
0.8420203310345781,1.4658770798280165,0.5107758062630695,2.265044926442474,-0.53602392
3.260271047250236,0.3536688219537275,1.340350700365018,-1.718792899,0.6907591322312328
-3.036116745,0.20847240348234197,-1.598444475,0.19263241643229603,-1.687155721
0.1991054349113971,1.793651417,-2.74459912,-0.233448727,0.7442100762367011
-0.605340459,-0.390136003,-2.234964181,2.312356911839257,0.5939347891995052
-0.90521655,2.5318937014937286,1.8472164796721742,-0.288492017,3.2381027464841945
0.4550918488831234,-3.04517277,1.517636902,-4.365550088,5.277933968367667
1.652181123378011,0.9421340324771149,1.0606990179063551,-0.682450645,-1.062962671
-0.24750273,-2.313289983,-0.728686381,1.4571750853947218,-0.460883075
-0.560985457,1.159538296253655,-0.957120248,-0.401092957,3.8129001789178725
1.1901068836424797,2.2091064035409387,-1.786182342,-1.390751051,-1.001144748
-0.596570841,2.536055818,2.725667345181008,-1.826569459,3.621740324091085
0.5251631535557315,3.4390145974960142,-0.485745963,-0.46162501,3.4352434713036404
-1.426644888,0.9098755507770235,-2.223693438,0.205687733,-1.637420521
-0.150682059,1.0592637000998728,-1.433524183,0.3080463244929268,0.6941303065524329
0.5695466771097942,1.5130373599930058,1.6256410519853555,2.0591779948853786,-2.054270671
0.3259279992342645,-0.838361075,0.9069125883159143,-1.531766661,0.3434326005629975
1.5426126402837959,2.418059904273468,-1.780509599,-1.661946495,1.125647758633932
-1.551103322,7.223970168832996,2.8685572369421712,-0.050203595,-0.2007795
0.31707419160116346,2.334738538630047,2.984190313,0.998539173,1.9717825949824035
-0.784227117,2.207887786102007,3.122107336472557,1.1157706013912903,-1.727368585
-1.02755196,4.416918005,1.982969499739734,2.813696216662885,0.39015643987568266
0.33874879444823636,-1.641092805,0.35572746714257497,-0.133638418,1.5959576741118073
0.43933827469626097,1.4403928763652494,1.3612635880932287,-0.365439906,-3.511309085
4.4258194959878985,-1.181419371,-0.750820663,-1.44105511,0.2019074703757678
1.4403051755324958,-0.319883956,2.111978390364826,1.8711131185655367,0.022069624237984312
2.341997877770715,2.7020463237108916,1.6359207244778489,-4.344429645,3.7348027235080137
3.1249146744623615,1.832009903857449,-5.173789594,0.072776723,0.8239375217743443
-1.829675822,-0.058851198,-0.426956515,2.7303565624401056,-0.642245637
4.859709393941466,1.6000080816269575,-1.94596179,3.051148480755877,-1.095189691
0.14383576199961234,-1.771762317,0.746344355,1.154995566285692,-2.687658356
-0.654487469,0.47359442186915857,-0.05318869,4.785857607,-0.81829354
-0.367470346,3.9986851241106005,-0.815237778,-1.595094906,2.002717892225893
0.1688754392269709,0.17597117692645392,0.5336722471265359,-0.03956864,1.5995393266484004
2.430790653636902,1.2984111087895636,2.4664238117474815,-3.565121987,-1.198198008
2.0927252514937007,1.4692908573647043,4.3596517316816765,1.947481224255377,0.4734342155438959
1.9733855666348483,1.7805889602351217,-2.880353445,-0.302883728,-2.272706111
-0.800958129,-0.856074324,-0.480465443,-1.64589255,2.0160770374604646
-0.40691843,-0.718890251,-3.238342969,0.8083732091147867,1.822596355524383
-2.385876491,-2.612767085,-1.378446104,3.238739537832997,2.1895706814523024
-1.326951178,2.2916351384591884,-0.810398109,0.6639683762956838,2.1660197618172057
0.1194483611514825,0.20954578819990755,-1.915429644,-2.791924927,0.9357773863639964
-1.872907818,2.4049627108178906,-0.985529662,1.5156168466342705,-0.01773081
2.716818585,-1.147525839,0.9449412795420672,2.413999139438595,-0.042134683
0.7478532497851653,3.2343700072265054,-1.27859582,1.9703350405571052,-3.181909613
2.0151141607695733,1.9954046015184068,1.5018894100670284,-1.88737743,0.6688668802316649
3.0871862644461565,2.3248459224155287,0.3823294513137398,1.5514873163768228,2.473452321877153
4.154962163327559,4.869316932009596,-0.025458837,-3.136954679,-2.280532401
-0.942290388,1.1153214821319044,0.10488908014106421,-0.932663935,-0.07449342
0.28883580693830535,4.343446057474133,0.9753311374338839,-3.621343061,0.9634409838955533
2.6703032053190485,2.2868267309687607,-1.286923733,-1.356246747,-0.816231916
0.720004827,-1.086906984,-3.512502304,1.5454060270332235,-2.647215741
0.1531377201889067,0.9815742121197099,0.4861434573001463,-2.01729254,0.6037732592950246
-1.097332946,0.012123003901513885,1.7272463078269455,-3.703134095,0.057400984
1.213112710400396,1.7913923764747903,4.125742074931386,-0.843654824,-0.035040727
2.186606074015136,2.5460437167403027,3.7850827860828313,2.6423388561275396,1.2474136572926513
-2.092537692,1.3132910157798112,-0.786866381,3.1880848457594126,3.0582817246129568
-0.347446823,1.8947581042913502,0.5923809135321908,-0.70253791,0.7069838950445855
1.0143844343621464,0.9399564782392288,0.0569577,3.8179329934821986,2.0706722206254895
0.39290391393474955,-1.243348317,-2.663158184,-1.312252173,-0.47789921
3.6849425997527434,0.7577916306206273,-2.254600552,-3.760992445,1.1054367687922655
3.7589807210962403,2.074771762329687,0.30829804472214734,1.3241942686158161,1.0020860594959284
1.4578957366474472,5.079600086871064,1.366030321763612,-1.504591635,-2.020632793
-1.084034367,-0.833964437,2.727539306620309,0.499708845,1.638105214280536
3.3167574692290143,1.9365914378830733,-2.38840447,-0.295074666,-0.410622451
1.831207338575369,4.131507521393334,0.3432061119287749,0.703427437,-0.316223873
1.744892677550181,0.5312952074709127,4.057777568341754,0.23009433834288032,2.20988
0.46713744140089597,0.45002809264575294,1.416320663489788,1.1275389864769645,-2.512004508
3.1924356594922196,1.9520192027830072,-1.039340548,-0.262395523,0.14181946934037923
1.4050858990020836,5.313632594701983,1.353734531629426,1.8305450214869996,-1.605383729
1.1545592737072847,1.763513630080435,-3.276826426,0.068105604,-2.000976139
1.2860546897277851,3.907999514666368,1.4367432744070325,1.8694898975457663,-0.240805096
1.0238456285893927,-0.864540373,1.0275144848714801,-1.304248692,1.191290626582784
4.1068693602637145,0.050501295,1.7737501242400224,-0.448904221,-0.561772
-0.46974471,-0.307852182,1.813173250643682,1.964648524034633,1.2278078831112864
0.041220959670450474,1.7048191720047419,3.9616141278148675,-0.929425193,-3.922581833
1.5474317700530782,0.46538172660661814,-4.389424359,0.6723732959654231,1.8772834440146926
0.9870178118241614,-0.64322026,1.1869615207176925,1.0729271275304875,0.26996966488477736
2.045734045240483,-1.544955942,-1.586011474,0.7630995921365692,3.5061692007994814
0.7466882036660124,2.780135365774367,-0.5431148,-0.374804241,-0.044787112
1.1208489367882157,2.6882974869545126,0.37289126675809947,-2.556829594,1.4122207866517236
3.969625425068771,3.3434834945742846,-1.552013802,-1.399477953,-1.890029389
-0.477191163,0.9071585486608031,0.40048294923944705,0.979090376,0.7549672997091481
-1.987418078,4.294547009462567,-1.37495293,1.391029615274987,-3.626247762
1.198546010584538,-0.043086052,1.3423057381889825,-3.051375142,2.6971326505390105
-0.070295735,1.269968193772319,-2.602436412,-1.660173486,-1.203270662
0.20788841010669779,-0.330106934,-1.033488112,1.2199851773741737,0.771332355
4.706195136640588,1.7823194383696013,-1.247045332,-1.41233047,-1.373388226
3.2869583365559527,1.7442588890474493,0.083952109,1.1951664966064792,0.21439214974345525
4.134052083293071,5.066442547427854,-0.831418563,-0.818236497,0.10039932189978969
3.9879399148803727,0.6981026617950805,0.7112072996143923,-3.836447348,1.215541792749949
1.3900751847002182,3.8395130906962494,2.4989777777369935,-0.399264987,-1.907130999
0.6731932461631747,-2.672692409,-1.160218644,0.7366682912338668,-1.96822677
1.3733148966415432,1.7109489943237928,-0.429719926,0.045978926,-0.684138752
3.495266521107945,2.428643931064934,0.6291493840940318,0.8251405844400529,5.223789555539965
-0.476087828,-0.620861042,-3.811590638,-1.008088308,-1.481431978
4.5226650595869895,-0.848391298,-1.136767174,-1.424397441,1.264187072316456
0.984781687,2.3066076346783877,-2.347646044,2.840638795654887,1.1533068114528757
-0.868406374,-2.245720446,1.3838043687087134,0.39466933368821705,4.495139552261348
-0.225835282,1.0805270930399844,-2.804812882,0.062118311,-1.724721527
1.9805959868233611,-4.015936497,1.9827554154091092,0.12465834573119039,0.1637342470108936
0.9730535038454572,2.2913003490172352,-0.702507967,-2.622800499,3.9056208859276964
2.5603542143081177,0.8909330144745755,1.9833683656501533,-0.621275523,-5.192459987
3.747767314835052,2.402666876093699,-0.209604537,0.022955818,1.5849286923889938
0.7287627262244435,-1.506343211,-0.386972664,-2.961337565,-0.690919756
3.2027462730279264,4.640082825279423,-3.006683599,3.1523739839546026,-2.58680869
0.8730681528336229,1.7080930345036514,-0.681637252,0.11936742453472739,-1.024294245
5.389509092599043,2.4301359192917014,-3.113797469,0.9832110170807655,1.4582566920241078
-0.407300778,2.266115894658355,-2.2351149,3.3094083238930545,1.8867046375209158
-1.978128914,2.9587472880796333,1.5104842003288603,-0.364271115,0.3163964647434387
-2.813081749,1.3527324464945307,-0.036171354,2.5060328048973686,-0.171181981
5.9982181779344845,3.4320350186944295,1.038065869632711,-0.829135463,-0.12027235
-0.458891761,3.0782079103936995,1.9995139700548186,-0.940963674,-2.531041157
0.45847638202520025,1.8343861372035297,3.3172743988619473,1.2831715449547683,-0.048160907
2.121444110392442,1.6984343752226592,-0.166251772,-2.745397126,3.8298425048069817
1.6333437010826752,2.6920226997381675,4.206817951620666,-2.079974402,2.278001196487708
-0.987528072,-2.877954619,0.15104265287288665,3.143118813,1.8818927900801166
2.8060970964645993,2.460513288995201,5.0214976329218945,-2.353397148,1.0779130377296167
0.28623947164474006,0.15259099662450637,2.162985743622114,2.0230629458083342,-1.750187506
0.3390393832337619,-1.294554961,0.844690835,-6.68078217,-1.447122178
4.190384115660452,3.648174187603338,-1.873286541,1.4180894155139538,-0.663514818
2.2853372571301867,1.0571238913214607,-0.074108101,-3.668933006,1.1810004133255363
1.6755717075862422,1.9035155307898413,4.345243377464294,2.7661817260734787,1.3823190899632032
1.4577583378940484,2.4936175595160943,-3.030520801,-1.400071481,2.8893183441067167
4.059588938624859,1.1988840030287344,-2.578419539,-2.808285907,-2.219409826
-1.670879345,2.8258284819262673,-0.376770971,1.9446407466674096,-6.51041727
0.9026736674226246,0.8360311688305129,3.6820566366453096,2.7067594907757044,0.8025754593570762
1.5116499305590367,1.7240560136384726,-2.708278984,0.5581989120993807,1.7442495734045778
1.2014157624456119,-1.266304952,0.5768615587418203,-0.951712196,-1.077194764
1.8426011370435966,0.777569824,0.44830864921975827,0.6957151068878452,-0.276689908
0.10952904588142265,-0.73652127,-1.773283026,-4.152804327,1.5877589245467323
1.2779033343012964,3.7344563084852447,-3.649334305,3.040437355014327,-0.97394696
1.714591086217351,2.5030078359306875,-2.697358206,-0.125098872,0.346260267
-0.699303748,3.2873393067964036,-1.042009255,3.095250690766616,0.5889738934994363
1.436903362464588,1.4243229841142713,-0.661498439,-0.700157508,-1.795229629
-1.838415469,2.3393882071083834,-3.513109556,0.7549221569070327,-2.177702204
1.440959575514383,-0.079046975,0.7005207221133578,-3.351599497,-3.229226443
5.408676459300744,2.218198096236822,-0.073178475,0.6277700586345613,0.9286676006254464
-0.475499884,3.8418465757493983,2.4941279747986522,-1.632225117,-0.726115173
2.103028230434342,1.5429733221501967,-1.001178394,-1.08991531,1.2346268286538429
0.9045640654087111,0.4355691325139116,2.131716899894089,-1.386279962,1.8986369019089446
2.5031158859132123,0.2811598046990158,0.6004958941335158,-1.13153106,2.145555912921164
1.8256678755183162,1.8476399501141856,-3.241146198,0.6232224452426218,0.7812839911681073
-1.942466249,0.37786594785061856,0.3538173905039213,-1.948604035,2.113098863952324
-0.453814042,1.3493716455249247,5.1517984966244175,1.9629401791934684,0.6700310868652883
2.510517041151163,-0.386839529,0.9769786498876456,-3.13381433,-0.056352622
4.036848691265804,1.9749989348216423,-3.616826636,0.6847509576800794,-3.18937898
1.0987305587454832,1.890423772780442,1.1161691380315484,-0.558027914,0.6737962002953413
-1.142638799,2.5247619168658986,0.22904643134414823,0.4208977962093794,-2.069874806
3.713272441605744,-0.02959608,0.6385222555047128,-0.019730335,-1.254399466
2.158625971763991,-0.348861093,1.8650673277967438,2.7827544310666554,-0.991629977
1.0677097337944141,1.1477567465792804,-1.602776467,-2.621467217,2.4861185927144156
2.475295161522858,2.467926585665823,0.821005704,0.4885118510887526,0.5095513426883065
1.1522272961474826,1.2012725056349116,1.9291306883357242,4.430109486380226,-1.454526052
2.096750654881044,3.276597272,-4.403563151,-2.045649404,1.0960530437290956
1.0528493014073204,0.9547309375715912,0.048738515364215945,1.2553324672762662,-4.512688176
2.9465279648841074,1.9174776595717193,-2.110291351,3.893816463342539,1.3696075124690366
0.086295724,1.4496882492415442,3.233365334240158,2.824561181588665,3.2961748644690863
1.449082571,2.241621345498756,-0.798103025,0.3443539010901735,-1.88150702
-0.356219929,-1.807096032,2.6226153036883137,2.582121726,3.424201918346822
-1.96685323,1.0200719071458006,-1.2274494,0.001995313,-3.728654411
0.8027308453350386,0.807439876,-2.711279901,-2.593473245,5.139955915189626
0.6688897690570945,1.4925478680015623,0.5045318352332681,0.9271151694769563,0.14661452174484568
0.5256522712372658,-3.36683268,0.065505172,-0.516712531,2.1502933355848644
-0.126358265,2.9673574188491267,-1.836439,0.5377997779716455,-3.971189341
1.8072140215616062,0.35542785498719975,-2.647638481,0.066600153,0.5419659385553334
1.733654416327256,4.883514304722958,-2.501272176,2.0241058991908214,-0.983675445
-1.820909284,2.9888279713148105,-1.536571828,-2.36558329,2.027824693173524
-1.313165839,3.5246433026750905,0.31508038706899644,2.297840462390222,-3.529564892
1.499222140797328,0.006997095,0.694275229,-2.258135425,3.545764436847826
2.3656317034352226,1.063133412836188,2.4887882990614916,0.36621250300104824,-0.855570819
2.7882117451290767,3.569048667392223,-2.683550307,0.38666816027201906,-0.259574562
2.4411721628372716,-1.071950922,0.5299985205393655,4.020403363123934,-0.261133259
3.868875253,-0.605232971,0.10950732889730444,0.8395155321052966,1.7992992861297856
1.7201075541497186,3.825281540984902,1.1318105135619043,-1.730104547,1.2147385366251557
-0.315252038,1.1602458121261363,1.1627666873671156,1.013632184760655,-0.767249105
0.4057226049320424,1.4036474536429324,-0.732477245,-3.056508223,0.8045221257455547
-0.490456173,0.040633322275542505,2.9983742850544925,0.1896294383466646,5.053256170050463
2.8888373810781185,3.135469096552013,-3.237010986,-0.264991285,1.0872318428533174
-0.594155182,4.171352503023515,-1.074932008,1.6110955996165752,-0.132630095
0.9668763789179384,1.3940312211114998,-0.812359199,-0.231956789,0.25075904048898195
1.463655039529631,4.4998248201948625,-1.950541653,2.8710470870426437,-3.238167716
-0.72015285,0.5187364682673625,-3.958662162,1.0882679702287736,-3.378333167
1.1586643582741978,5.2248347387231435,2.1068825874111914,2.8526430854408384,5.161610865185846
-1.306509787,1.0421588837438953,-2.687880226,0.1650425780615164,-1.046384761
3.974061040495061,-0.858710234,-1.998030432,1.3082743018324956,0.8481734727636243
0.930697444,-1.192875598,-0.880244912,-0.863333024,-2.187600641
0.650210602,-2.331477098,-1.163067175,-1.90391141,-2.192023433
3.480090496831192,4.205088666,0.32516559459846606,0.10346174238056632,0.18007219703832736
0.095083608,1.060886614880339,0.34629626790494494,-2.168365298,-1.599500994
4.7801565388919816,1.9045463940821747,0.11248907781507697,-2.705223118,2.2959813478059643
1.4290482844344812,1.0775314191698768,-0.223348905,1.5715904433236318,-2.351889144
1.126196759971772,1.733867888261337,2.594225724251505,-0.608191463,2.8560714843016415
0.087555933,0.24901810488949572,-2.727676302,-0.008675452,-2.212346328
2.039698984014028,-3.070384768,2.247679555367965,0.9199474754793379,0.4467863890766675
5.749293536963985,-1.086323169,2.135092237164811,1.9511716984138487,3.2235723081642114
-5.769436211,0.8223300367593531,3.6559747143129138,-2.673418675,0.037447435
0.38435455593387435,-1.404122456,-1.209441414,0.5905069678416521,-1.667402363
2.0275214662696275,0.20805391963886177,0.4070906521601933,-0.763594715,-1.740293353
2.533371848768786,-1.215094272,-1.050481891,-0.486281105,0.3820081606060651
2.039786246156751,4.364873191,-0.04651535,2.8343582230216158,-1.163464864
-0.653027329,-1.95081365,2.6678475827849892,3.4347400966542816,0.25200891299188055
4.361067509553346,4.110951479358135,1.553326182810385,1.7430194214823562,2.0802237175489835
-0.96993335,0.5987703211562709,3.2821342979896437,-0.778678072,-3.427950264
0.065470033,-0.012091948,4.031510164662197,-1.112175658,-4.679095156
1.7449290390465568,-0.609985375,-0.124602312,1.0205502121597594,1.6569527075462027
-0.889551936,-3.450509833,-1.369289921,0.051152605761527796,2.4992081433721167
-0.539328989,2.222400861182281,-0.71319698,0.15428355102358557,-2.057775975
1.6191475650214184,-0.844598742,0.7661469572934754,0.05912139,-0.08662875
-0.537221315,0.22964702984813212,-1.153298045,-1.042051855,2.992699326066769
-2.199111886,-3.750489728,-0.634519821,3.147073910056411,1.8325780987903608
2.2843146699552923,1.8516413790010566,0.4228736688237829,3.434916113466403,-1.802641309
-1.19098422,3.2314070121764398,-1.292374659,2.057588996234101,0.11866201246603986
-2.518770928,1.4090086302118898,0.7508589259099167,-4.192892821,-0.514847788
-1.576472639,3.474461911456039,3.003467864131623,5.476832598223894,-1.531066764
3.8191835390722964,0.23019145434462596,0.6497991140081639,-3.092747925,-1.222940313
0.6707614194560126,0.8534109848984411,-2.931332722,2.4310812007896705,-1.295800341
0.21626454116929517,1.2423040711956808,0.8183463446716249,0.5153506136100781,2.476294454473723
1.197460639574925,3.054112807,1.9499302939282728,-4.147023382,1.5366703421906216
-1.221101917,0.12863355600186654,0.4671051349626133,-0.744027124,-1.563098678
2.9076419102222406,2.7635643288800074,3.9414982329719517,2.5007565588604024,2.7129042657472793
-2.528990823,1.0686304172369698,-0.551538582,-1.488975759,-0.674701749
1.2242423045261448,-0.260968392,1.185456228843755,0.2175385731514721,-0.220747208
-1.485344523,-0.016434424,2.8283771657777748,2.2759065133500425,0.3264097510378748
0.9747206326809588,0.9208380445114202,2.1645844173775126,0.9501284091114678,1.0446012300752647
1.2910008668773323,-1.561848406,0.095902446,-1.864956268,1.855368895396509
2.2691823667789808,1.5362830367695288,0.8899944305330186,3.5980425332162977,0.5271298026586203
-1.976699279,2.892305259696897,-3.534325772,5.090899475764862,-1.251752193
1.2491489623190721,-0.785600678,-0.574619728,-0.872417012,0.062415215957465776
1.8964035122118355,3.012629840387595,2.3133072467717226,0.41272604395912776,0.43935497126791606
1.5547855687105248,1.7105400934684454,0.5979976173231915,-0.570908609,2.850822032385907
0.49509855590996843,1.7886181686217761,0.089258064,-2.882232352,0.053652552
-2.209636629,1.6817755273576933,3.4088207288067895,-1.587171928,-2.535725952
0.9635209994413306,0.7413146343610377,1.2218564024917764,-0.957900605,-0.178122388
-0.275559217,0.069411578,0.40039412175081196,-0.302565753,0.33973077799497525
0.4466580027866922,1.1305687870704155,-1.210893124,-1.312738519,-1.550999662
0.8182752099995956,2.467786450896492,1.6446529208851128,-1.702034486,0.502413688
2.0580651211030387,0.7553123131954904,0.3100004990844833,-4.164607024,-0.248558619
2.3459875156739862,1.114739068113737,0.7922252497004556,-0.814150218,0.44827126582482435
1.2275964410253704,-0.028227988,3.482151295011277,0.21867913522115748,3.064712572261324
0.090185329,2.0519061406841193,-1.349561754,0.4769055357558928,-2.122241259
0.8001377312921483,-0.475474207,-2.694609434,1.8469224972705243,2.082402137238375
1.3538065973338074,2.378073052688265,1.987003352889011,-1.035053578,2.608722703
2.181710264051579,2.3126784011026857,0.23234583672652817,2.482459584240638,-2.053972696
2.6492478848256633,4.310776993052169,-4.167031337,-5.90141583,4.137151451390608
-0.142793695,1.676609001470629,-1.18079088,-0.391513105,0.14718492500050273
0.3686607398984246,-2.070844967,-2.315141991,2.4065932242556145,-1.007255077
0.13626743515059458,3.113134924787118,1.5279360087225844,1.2740829133601486,-0.067475014
4.323204281096691,1.0249987216959249,0.14044065246489937,-1.216945772,-3.884087542
3.4364990991038664,-2.53603542,-0.222011588,2.668240372935542,-2.155979036
3.1017959614010944,0.6820062210082287,3.120702939142861,-2.160497068,-0.270131413
1.0313189349940939,-2.731225249,0.3991418536683464,-0.579458581,0.5704853259192005